0,1,2,3,4,pred_ensemble,target_label
0.22585286,0.16459881,0.21200486,0.1716906,0.22585286,0,4
0.17594631,0.21725982,0.21725982,0.21725982,0.17227419,1,2
0.1861455,0.1861455,0.1861455,0.25541797,0.1861455,3,0
0.20026515,0.21334633,0.21334633,0.172777,0.20026515,1,0
0.19442016,0.21604337,0.21604337,0.21604337,0.15744977,1,2
0.20115471,0.17724364,0.20115471,0.24320336,0.17724364,3,1
0.22506323,0.16751958,0.21126364,0.17109033,0.22506323,0,1
0.20676707,0.22496818,0.21117441,0.17101808,0.1860723,1,1
0.21281697,0.21281697,0.19976825,0.16178088,0.21281697,0,4
0.19111317,0.17198515,0.22151855,0.1793952,0.23598798,4,4
0.1629264,0.2235581,0.2235581,0.2235581,0.16639927,1,2
0.1861455,0.1861455,0.1861455,0.25541797,0.1861455,3,1
0.17408612,0.17408612,0.23887081,0.23887081,0.17408612,2,2
0.16724952,0.22949001,0.22949001,0.20652096,0.16724952,1,3
0.1783501,0.1783501,0.24472159,0.22022806,0.1783501,2,3
0.20352457,0.22616036,0.1793318,0.22616036,0.1648229,1,1
0.18908516,0.23348378,0.17016013,0.23348378,0.17378718,1,3
0.17961715,0.22179261,0.20819356,0.16860405,0.22179261,1,4
0.20115471,0.17724364,0.20115471,0.24320336,0.17724364,3,1
0.1700915,0.23338962,0.23338962,0.19303772,0.1700915,1,3
0.19111317,0.17198515,0.22151855,0.1793952,0.23598798,4,0
0.20473805,0.22276054,0.22276054,0.18040103,0.16933987,1,3
0.20352457,0.22616036,0.1793318,0.22616036,0.1648229,1,2
0.20115471,0.17724364,0.20115471,0.24320336,0.17724364,3,2
0.22882737,0.1667666,0.20162688,0.17395179,0.22882737,0,0
0.20115471,0.17724364,0.20115471,0.24320336,0.17724364,3,1
0.21949594,0.21949594,0.18154618,0.21949594,0.15996596,0,1
0.20115471,0.17724364,0.20115471,0.24320336,0.17724364,3,1
0.19774483,0.21515174,0.21515174,0.21515174,0.15679996,1,2
0.21147068,0.21147068,0.21147068,0.21147068,0.15411724,0,3
0.18158554,0.18158554,0.20608236,0.24916106,0.18158554,3,2
0.19111317,0.17198515,0.22151855,0.1793952,0.23598798,4,4
0.20115471,0.17724364,0.20115471,0.24320336,0.17724364,3,0
0.21147068,0.21147068,0.21147068,0.21147068,0.15411724,0,4
0.18158554,0.18158554,0.20608236,0.24916106,0.18158554,3,0
0.1861455,0.1861455,0.1861455,0.25541797,0.1861455,3,2
0.19442016,0.21604337,0.21604337,0.21604337,0.15744977,1,3
0.21147068,0.21147068,0.21147068,0.21147068,0.15411724,0,2
0.1861455,0.1861455,0.1861455,0.25541797,0.1861455,3,0
0.20115471,0.17724364,0.20115471,0.24320336,0.17724364,3,0
0.1629264,0.2235581,0.2235581,0.2235581,0.16639927,1,2
0.19111317,0.17198515,0.22151855,0.1793952,0.23598798,4,4
0.19111317,0.17198515,0.22151855,0.1793952,0.23598798,4,0
0.20115471,0.17724364,0.20115471,0.24320336,0.17724364,3,0
0.19592036,0.21316667,0.21316667,0.20871775,0.16902857,1,3
0.20274954,0.22529913,0.22529913,0.18245688,0.16419525,1,3
0.19774483,0.21515174,0.21515174,0.21515174,0.15679996,1,2
0.19111317,0.17198515,0.22151855,0.1793952,0.23598798,4,4
0.19111317,0.17198515,0.22151855,0.1793952,0.23598798,4,0
0.20115471,0.17724364,0.20115471,0.24320336,0.17724364,3,2
0.18908516,0.23348378,0.17016013,0.23348378,0.17378718,1,2
0.19774483,0.21515174,0.21515174,0.21515174,0.15679996,1,2
0.18466446,0.18466446,0.25338578,0.1926208,0.18466446,2,2
0.21281697,0.21281697,0.19976825,0.16178088,0.21281697,0,4
0.20115471,0.17724364,0.20115471,0.24320336,0.17724364,3,0
0.18158554,0.18158554,0.20608236,0.24916106,0.18158554,3,0
0.21147068,0.21147068,0.21147068,0.21147068,0.15411724,0,0
0.21281697,0.21281697,0.19976825,0.16178088,0.21281697,0,4
0.21949594,0.21949594,0.18154618,0.21949594,0.15996596,0,2
0.1861455,0.1861455,0.1861455,0.25541797,0.1861455,3,0
0.20115471,0.17724364,0.20115471,0.24320336,0.17724364,3,1
0.21147068,0.21147068,0.21147068,0.21147068,0.15411724,0,3
0.18466446,0.18466446,0.25338578,0.1926208,0.18466446,2,2
0.18281335,0.2257393,0.2257393,0.1867101,0.17899792,1,2
0.1634942,0.22433719,0.22433719,0.22433719,0.1634942,1,2
0.18314452,0.18314452,0.19926621,0.25130022,0.18314452,3,0
0.19111317,0.17198515,0.22151855,0.1793952,0.23598798,4,0
0.21147068,0.21147068,0.21147068,0.21147068,0.15411724,0,2
0.20115471,0.17724364,0.20115471,0.24320336,0.17724364,3,0
0.20115471,0.17724364,0.20115471,0.24320336,0.17724364,3,0
0.18158554,0.18158554,0.20608236,0.24916106,0.18158554,3,0
0.18158554,0.18158554,0.20608236,0.24916106,0.18158554,3,1
0.1765812,0.2180438,0.2180438,0.2180438,0.1692874,1,1
0.21147068,0.21147068,0.21147068,0.21147068,0.15411724,0,3
0.18700662,0.17187682,0.23091719,0.23091719,0.17928219,2,3
0.18867473,0.18867473,0.18867473,0.23297697,0.20099881,3,2
0.1861455,0.1861455,0.1861455,0.25541797,0.1861455,3,4
0.20115471,0.17724364,0.20115471,0.24320336,0.17724364,3,0
0.19111317,0.17198515,0.22151855,0.1793952,0.23598798,4,4
0.17594631,0.21725982,0.21725982,0.21725982,0.17227419,1,2
0.19111317,0.17198515,0.22151855,0.1793952,0.23598798,4,4
0.18908516,0.23348378,0.17016013,0.23348378,0.17378718,1,1
0.18908516,0.23348378,0.17016013,0.23348378,0.17378718,1,1
0.18314452,0.18314452,0.19926621,0.25130022,0.18314452,3,0
0.22033077,0.22033077,0.22033077,0.1784333,0.16057438,0,3
0.20115471,0.17724364,0.20115471,0.24320336,0.17724364,3,0
0.19111317,0.17198515,0.22151855,0.1793952,0.23598798,4,4
0.21147068,0.21147068,0.21147068,0.21147068,0.15411724,0,3
0.21604337,0.21604337,0.21604337,0.19442016,0.15744977,0,3
0.21147068,0.21147068,0.21147068,0.21147068,0.15411724,0,3
0.19111317,0.17198515,0.22151855,0.1793952,0.23598798,4,4
0.2179935,0.2179935,0.18030351,0.165716,0.2179935,0,4
0.19641787,0.21370797,0.21370797,0.21370797,0.16245821,1,2
0.17968005,0.18351002,0.23142964,0.22187029,0.18351002,2,3
0.21401434,0.21401434,0.21401434,0.17331797,0.18463896,0,4
0.16724952,0.22949001,0.22949001,0.20652096,0.16724952,1,3
0.21281697,0.21281697,0.19976825,0.16178088,0.21281697,0,4
0.19111317,0.17198515,0.22151855,0.1793952,0.23598798,4,4
0.18158554,0.18158554,0.20608236,0.24916106,0.18158554,3,3
0.1783501,0.1783501,0.24472159,0.22022806,0.1783501,2,0
0.19111317,0.17198515,0.22151855,0.1793952,0.23598798,4,4
0.20115471,0.17724364,0.20115471,0.24320336,0.17724364,3,4
0.19442016,0.21604337,0.21604337,0.21604337,0.15744977,1,3
0.20115471,0.17724364,0.20115471,0.24320336,0.17724364,3,1
0.18158554,0.18158554,0.20608236,0.24916106,0.18158554,3,1
0.20115471,0.17724364,0.20115471,0.24320336,0.17724364,3,1
0.20115471,0.17724364,0.20115471,0.24320336,0.17724364,3,1
0.18908516,0.23348378,0.17016013,0.23348378,0.17378718,1,4
0.19641787,0.21370797,0.21370797,0.21370797,0.16245821,1,3
0.20115471,0.17724364,0.20115471,0.24320336,0.17724364,3,0
0.18908516,0.23348378,0.17016013,0.23348378,0.17378718,1,1
0.1783501,0.1783501,0.24472159,0.22022806,0.1783501,2,1
0.21007574,0.21007574,0.21007574,0.21007574,0.15969703,0,1
0.18158554,0.18158554,0.20608236,0.24916106,0.18158554,3,1
0.1727901,0.1727901,0.23709248,0.18023482,0.23709248,2,0
0.18158554,0.18158554,0.20608236,0.24916106,0.18158554,3,3
0.20115471,0.17724364,0.20115471,0.24320336,0.17724364,3,0
0.18158554,0.18158554,0.20608236,0.24916106,0.18158554,3,2
0.19111317,0.17198515,0.22151855,0.1793952,0.23598798,4,0
0.18158554,0.18158554,0.20608236,0.24916106,0.18158554,3,1
0.19111317,0.17198515,0.22151855,0.1793952,0.23598798,4,4
0.19774483,0.21515174,0.21515174,0.21515174,0.15679996,1,2
0.19442016,0.21604337,0.21604337,0.21604337,0.15744977,1,3
0.19041511,0.17500953,0.22070943,0.17873995,0.23512602,4,4
0.21147068,0.21147068,0.21147068,0.21147068,0.15411724,0,4
0.18158554,0.18158554,0.20608236,0.24916106,0.18158554,3,1
0.20274954,0.22529913,0.22529913,0.18245688,0.16419525,1,4
0.18158554,0.18158554,0.20608236,0.24916106,0.18158554,3,0
0.21147068,0.21147068,0.21147068,0.21147068,0.15411724,0,2
0.1861455,0.1861455,0.1861455,0.25541797,0.1861455,3,0
0.19111317,0.17198515,0.22151855,0.1793952,0.23598798,4,4
0.20115471,0.17724364,0.20115471,0.24320336,0.17724364,3,0
0.21949594,0.21949594,0.18154618,0.21949594,0.15996596,0,3
0.17594631,0.21725982,0.21725982,0.21725982,0.17227419,1,2
0.21281697,0.21281697,0.19976825,0.16178088,0.21281697,0,4
0.19774483,0.21515174,0.21515174,0.21515174,0.15679996,1,3
0.18158554,0.18158554,0.20608236,0.24916106,0.18158554,3,0
0.21281697,0.21281697,0.19976825,0.16178088,0.21281697,0,4
0.20538487,0.22346431,0.18482845,0.22346431,0.16285805,1,1
0.18908516,0.23348378,0.17016013,0.23348378,0.17378718,1,1
0.1861455,0.1861455,0.1861455,0.25541797,0.1861455,3,1
0.20115471,0.17724364,0.20115471,0.24320336,0.17724364,3,0
0.19111317,0.17198515,0.22151855,0.1793952,0.23598798,4,4
0.19111317,0.17198515,0.22151855,0.1793952,0.23598798,4,4
0.18094814,0.18094814,0.24828646,0.18874435,0.201073,2,1
0.20115471,0.17724364,0.20115471,0.24320336,0.17724364,3,1
0.18158554,0.18158554,0.20608236,0.24916106,0.18158554,3,4
0.21147068,0.21147068,0.21147068,0.21147068,0.15411724,0,3
0.21147068,0.21147068,0.21147068,0.21147068,0.15411724,0,2
0.1861455,0.1861455,0.1861455,0.25541797,0.1861455,3,1
0.20115471,0.17724364,0.20115471,0.24320336,0.17724364,3,0
0.18094814,0.18094814,0.24828646,0.18874435,0.201073,2,3
0.20115471,0.17724364,0.20115471,0.24320336,0.17724364,3,0
0.18466446,0.18466446,0.25338578,0.1926208,0.18466446,2,0
0.1727901,0.23709248,0.23709248,0.18023482,0.1727901,1,1
0.21147068,0.21147068,0.21147068,0.21147068,0.15411724,0,2
0.18158554,0.18158554,0.20608236,0.24916106,0.18158554,3,1
0.21007574,0.21007574,0.21007574,0.21007574,0.15969703,0,3
0.20115471,0.17724364,0.20115471,0.24320336,0.17724364,3,2
0.19442016,0.21604337,0.21604337,0.21604337,0.15744977,1,2
0.15996596,0.21949594,0.21949594,0.21949594,0.18154618,1,3
0.18158554,0.18158554,0.20608236,0.24916106,0.18158554,3,1
0.18908516,0.23348378,0.17016013,0.23348378,0.17378718,1,1
0.18908516,0.23348378,0.17016013,0.23348378,0.17378718,1,1
0.18158554,0.18158554,0.20608236,0.24916106,0.18158554,3,0
0.21949594,0.21949594,0.18154618,0.21949594,0.15996596,0,4
0.19442016,0.21604337,0.21604337,0.21604337,0.15744977,1,2
0.20115471,0.17724364,0.20115471,0.24320336,0.17724364,3,1
0.1783501,0.1783501,0.24472159,0.22022806,0.1783501,2,0
0.18908516,0.23348378,0.17016013,0.23348378,0.17378718,1,1
0.20115471,0.17724364,0.20115471,0.24320336,0.17724364,3,0
0.21949594,0.21949594,0.18154618,0.21949594,0.15996596,0,0
0.20961788,0.22806995,0.18084598,0.18470082,0.19676532,1,3
0.21949594,0.21949594,0.18154618,0.21949594,0.15996596,0,1
0.19111317,0.17198515,0.22151855,0.1793952,0.23598798,4,4
0.20115471,0.17724364,0.20115471,0.24320336,0.17724364,3,1
0.1727901,0.23709248,0.23709248,0.18023482,0.1727901,1,3
0.18908516,0.23348378,0.17016013,0.23348378,0.17378718,1,0
0.22033077,0.22033077,0.22033077,0.1784333,0.16057438,0,0
0.21147068,0.21147068,0.21147068,0.21147068,0.15411724,0,3
0.21147068,0.21147068,0.21147068,0.21147068,0.15411724,0,2
0.18158554,0.18158554,0.20608236,0.24916106,0.18158554,3,0
0.1783501,0.1783501,0.24472159,0.22022806,0.1783501,2,1
0.18158554,0.18158554,0.20608236,0.24916106,0.18158554,3,1
0.18158554,0.18158554,0.20608236,0.24916106,0.18158554,3,2
0.20115471,0.17724364,0.20115471,0.24320336,0.17724364,3,2
0.19111317,0.17198515,0.22151855,0.1793952,0.23598798,4,4
0.21147068,0.21147068,0.21147068,0.21147068,0.15411724,0,2
0.22033077,0.22033077,0.22033077,0.1784333,0.16057438,0,2
0.19641787,0.21370797,0.21370797,0.21370797,0.16245821,1,3
0.18158554,0.18158554,0.20608236,0.24916106,0.18158554,3,1
0.20115471,0.17724364,0.20115471,0.24320336,0.17724364,3,1
0.18158554,0.18158554,0.20608236,0.24916106,0.18158554,3,2
0.20115471,0.17724364,0.20115471,0.24320336,0.17724364,3,1
0.22585286,0.16459881,0.21200486,0.1716906,0.22585286,0,0
0.20115471,0.17724364,0.20115471,0.24320336,0.17724364,3,1
0.19111317,0.17198515,0.22151855,0.1793952,0.23598798,4,4
0.20115471,0.17724364,0.20115471,0.24320336,0.17724364,3,0
0.21949594,0.21949594,0.18154618,0.21949594,0.15996596,0,1
0.2196292,0.2196292,0.2196292,0.16695945,0.17415297,0,1
0.19111317,0.17198515,0.22151855,0.1793952,0.23598798,4,4
0.19041511,0.17500953,0.22070943,0.17873995,0.23512602,4,4
0.18158554,0.18158554,0.20608236,0.24916106,0.18158554,3,0
0.20696492,0.22518346,0.17855716,0.22518346,0.16411096,1,2
0.21007574,0.21007574,0.21007574,0.21007574,0.15969703,0,2
0.24342705,0.18118818,0.20133974,0.1850503,0.18899474,0,3
0.17468615,0.23969413,0.22499746,0.18221258,0.1784097,1,4
0.21281697,0.21281697,0.19976825,0.16178088,0.21281697,0,4
0.18908516,0.23348378,0.17016013,0.23348378,0.17378718,1,0
0.17594631,0.21725982,0.21725982,0.21725982,0.17227419,1,2
0.19902577,0.21654543,0.20326811,0.16461521,0.21654543,1,4
0.1861455,0.1861455,0.1861455,0.25541797,0.1861455,3,0
0.18908516,0.23348378,0.17016013,0.23348378,0.17378718,1,1
0.21147068,0.21147068,0.21147068,0.21147068,0.15411724,0,4
0.21007574,0.21007574,0.21007574,0.21007574,0.15969703,0,4
0.19111317,0.17198515,0.22151855,0.1793952,0.23598798,4,4
0.20115471,0.17724364,0.20115471,0.24320336,0.17724364,3,2
0.18158554,0.18158554,0.20608236,0.24916106,0.18158554,3,3
0.19111317,0.17198515,0.22151855,0.1793952,0.23598798,4,4
0.20115471,0.17724364,0.20115471,0.24320336,0.17724364,3,2
0.20115471,0.17724364,0.20115471,0.24320336,0.17724364,3,2
0.1861455,0.1861455,0.1861455,0.25541797,0.1861455,3,2
0.20115471,0.17724364,0.20115471,0.24320336,0.17724364,3,3
0.1783501,0.1783501,0.24472159,0.22022806,0.1783501,2,4
0.18281335,0.2257393,0.2257393,0.1867101,0.17899792,1,2
0.19641787,0.21370797,0.21370797,0.21370797,0.16245821,1,3
0.1629264,0.2235581,0.2235581,0.2235581,0.16639927,1,1
0.20115471,0.17724364,0.20115471,0.24320336,0.17724364,3,1
0.20352457,0.22616036,0.1793318,0.22616036,0.1648229,1,2
0.18314452,0.18314452,0.19926621,0.25130022,0.18314452,3,1
0.19111317,0.17198515,0.22151855,0.1793952,0.23598798,4,4
0.19774483,0.21515174,0.21515174,0.21515174,0.15679996,1,3
0.18867473,0.18867473,0.18867473,0.23297697,0.20099881,3,0
0.16724952,0.22949001,0.22949001,0.20652096,0.16724952,1,3
0.20115471,0.17724364,0.20115471,0.24320336,0.17724364,3,4
0.1783501,0.1783501,0.24472159,0.22022806,0.1783501,2,2
0.19111317,0.17198515,0.22151855,0.1793952,0.23598798,4,4
0.2061802,0.22432965,0.22432965,0.18167175,0.1634887,1,3
0.20115471,0.17724364,0.20115471,0.24320336,0.17724364,3,1
0.18158554,0.18158554,0.20608236,0.24916106,0.18158554,3,0
0.19442016,0.21604337,0.21604337,0.21604337,0.15744977,1,3
0.1629264,0.2235581,0.2235581,0.2235581,0.16639927,1,2
0.19111317,0.17198515,0.22151855,0.1793952,0.23598798,4,4
0.21147068,0.21147068,0.21147068,0.21147068,0.15411724,0,2
0.18908516,0.23348378,0.17016013,0.23348378,0.17378718,1,1
0.20115471,0.17724364,0.20115471,0.24320336,0.17724364,3,0
0.19442016,0.21604337,0.21604337,0.21604337,0.15744977,1,2
0.18908516,0.23348378,0.17016013,0.23348378,0.17378718,1,1
0.1765812,0.2180438,0.2180438,0.2180438,0.1692874,1,1
0.18158554,0.18158554,0.20608236,0.24916106,0.18158554,3,0
0.18094814,0.18094814,0.24828646,0.18874435,0.201073,2,3
0.19774483,0.21515174,0.21515174,0.21515174,0.15679996,1,3
0.19774483,0.21515174,0.21515174,0.21515174,0.15679996,1,2
0.20274954,0.22529913,0.22529913,0.18245688,0.16419525,1,3
0.19774483,0.21515174,0.21515174,0.21515174,0.15679996,1,3
0.19111317,0.17198515,0.22151855,0.1793952,0.23598798,4,4
0.19111317,0.17198515,0.22151855,0.1793952,0.23598798,4,4
0.20115471,0.17724364,0.20115471,0.24320336,0.17724364,3,1
0.1629264,0.2235581,0.2235581,0.2235581,0.16639927,1,2
0.1629264,0.2235581,0.2235581,0.2235581,0.16639927,1,2
0.18158554,0.18158554,0.20608236,0.24916106,0.18158554,3,0
0.18908516,0.23348378,0.17016013,0.23348378,0.17378718,1,1
0.20352457,0.22616036,0.1793318,0.22616036,0.1648229,1,2
0.19111317,0.17198515,0.22151855,0.1793952,0.23598798,4,4
0.20538487,0.22346431,0.18482845,0.22346431,0.16285805,1,2
0.18158554,0.18158554,0.20608236,0.24916106,0.18158554,3,0
0.21147068,0.21147068,0.21147068,0.21147068,0.15411724,0,2
0.1727901,0.23709248,0.23709248,0.18023482,0.1727901,1,2
0.17608616,0.17983952,0.22680068,0.21743253,0.1998411,2,3
0.18158554,0.18158554,0.20608236,0.24916106,0.18158554,3,1
0.17192848,0.17559324,0.22144556,0.23591022,0.19512253,3,0
0.20111218,0.21424869,0.21424869,0.21424869,0.15614182,1,3
0.18908516,0.23348378,0.17016013,0.23348378,0.17378718,1,0
0.18908516,0.23348378,0.17016013,0.23348378,0.17378718,1,1
0.19442016,0.21604337,0.21604337,0.21604337,0.15744977,1,3
0.19774483,0.21515174,0.21515174,0.21515174,0.15679996,1,3
0.20115471,0.17724364,0.20115471,0.24320336,0.17724364,3,0
0.18094814,0.18094814,0.24828646,0.18874435,0.201073,2,3
0.18158554,0.18158554,0.20608236,0.24916106,0.18158554,3,0
0.18158554,0.18158554,0.20608236,0.24916106,0.18158554,3,0
0.21147068,0.21147068,0.21147068,0.21147068,0.15411724,0,3
0.2061802,0.22432965,0.22432965,0.18167175,0.1634887,1,1
0.20115471,0.17724364,0.20115471,0.24320336,0.17724364,3,0
0.22433719,0.1634942,0.22433719,0.22433719,0.1634942,0,1
0.21147068,0.21147068,0.21147068,0.21147068,0.15411724,0,2
0.21147068,0.21147068,0.21147068,0.21147068,0.15411724,0,2
0.18908516,0.23348378,0.17016013,0.23348378,0.17378718,1,3
0.18158554,0.18158554,0.20608236,0.24916106,0.18158554,3,0
0.20115471,0.17724364,0.20115471,0.24320336,0.17724364,3,1
0.21949594,0.21949594,0.18154618,0.21949594,0.15996596,0,2
0.21949594,0.21949594,0.18154618,0.21949594,0.15996596,0,1
0.19111317,0.17198515,0.22151855,0.1793952,0.23598798,4,4
0.18158554,0.18158554,0.20608236,0.24916106,0.18158554,3,3
0.21147068,0.21147068,0.21147068,0.21147068,0.15411724,0,2
0.19111317,0.17198515,0.22151855,0.1793952,0.23598798,4,1
0.1629264,0.2235581,0.2235581,0.2235581,0.16639927,1,2
0.19863679,0.21612221,0.21612221,0.2116116,0.15750723,1,3
0.19111317,0.17198515,0.22151855,0.1793952,0.23598798,4,4
0.1629264,0.2235581,0.2235581,0.2235581,0.16639927,1,3
0.18908516,0.23348378,0.17016013,0.23348378,0.17378718,1,3
0.21007574,0.21007574,0.21007574,0.21007574,0.15969703,0,3
0.1629264,0.2235581,0.2235581,0.2235581,0.16639927,1,2
0.19863679,0.21612221,0.21612221,0.2116116,0.15750723,1,2
0.20115471,0.17724364,0.20115471,0.24320336,0.17724364,3,1
0.21147068,0.21147068,0.21147068,0.21147068,0.15411724,0,3
0.18158554,0.18158554,0.20608236,0.24916106,0.18158554,3,2
0.20115471,0.17724364,0.20115471,0.24320336,0.17724364,3,3
0.19442016,0.21604337,0.21604337,0.21604337,0.15744977,1,2
0.18158554,0.18158554,0.20608236,0.24916106,0.18158554,3,3
0.21949594,0.21949594,0.18154618,0.21949594,0.15996596,0,1
0.18158554,0.18158554,0.20608236,0.24916106,0.18158554,3,4
0.20115471,0.17724364,0.20115471,0.24320336,0.17724364,3,0
0.19111317,0.17198515,0.22151855,0.1793952,0.23598798,4,4
0.19442016,0.21604337,0.21604337,0.21604337,0.15744977,1,3
0.20352457,0.22616036,0.1793318,0.22616036,0.1648229,1,2
0.21949594,0.21949594,0.18154618,0.21949594,0.15996596,0,1
0.20115471,0.17724364,0.20115471,0.24320336,0.17724364,3,1
0.21100087,0.21100087,0.21100087,0.20659715,0.1604003,0,3
0.21949594,0.21949594,0.18154618,0.21949594,0.15996596,0,1
0.1861455,0.1861455,0.1861455,0.25541797,0.1861455,3,3
0.20115471,0.17724364,0.20115471,0.24320336,0.17724364,3,1
0.20115471,0.17724364,0.20115471,0.24320336,0.17724364,3,3
0.19111317,0.17198515,0.22151855,0.1793952,0.23598798,4,4
0.21147068,0.21147068,0.21147068,0.21147068,0.15411724,0,3
0.21147068,0.21147068,0.21147068,0.21147068,0.15411724,0,2
0.17917365,0.17917365,0.21662745,0.2458516,0.17917365,3,1
0.17594631,0.21725982,0.21725982,0.21725982,0.17227419,1,2
0.19111317,0.17198515,0.22151855,0.1793952,0.23598798,4,4
0.18158554,0.18158554,0.20608236,0.24916106,0.18158554,3,0
0.18158554,0.18158554,0.20608236,0.24916106,0.18158554,3,2
0.19111317,0.17198515,0.22151855,0.1793952,0.23598798,4,4
0.21949594,0.21949594,0.18154618,0.21949594,0.15996596,0,1
0.20115471,0.17724364,0.20115471,0.24320336,0.17724364,3,1
0.19111317,0.17198515,0.22151855,0.1793952,0.23598798,4,4
0.19111317,0.17198515,0.22151855,0.1793952,0.23598798,4,0
0.18908516,0.23348378,0.17016013,0.23348378,0.17378718,1,3
0.20115471,0.17724364,0.20115471,0.24320336,0.17724364,3,0
0.21147068,0.21147068,0.21147068,0.21147068,0.15411724,0,2
0.1727901,0.23709248,0.23709248,0.18023482,0.1727901,1,0
0.21281697,0.21281697,0.19976825,0.16178088,0.21281697,0,4
0.1765812,0.2180438,0.2180438,0.2180438,0.1692874,1,3
0.1783501,0.1783501,0.24472159,0.22022806,0.1783501,2,4
0.18158554,0.18158554,0.20608236,0.24916106,0.18158554,3,1
0.19442016,0.21604337,0.21604337,0.21604337,0.15744977,1,2
0.21281697,0.21281697,0.19976825,0.16178088,0.21281697,0,0
0.22115436,0.22115436,0.17536233,0.22115436,0.1611746,0,1
0.21147068,0.21147068,0.21147068,0.21147068,0.15411724,0,2
0.18158554,0.18158554,0.20608236,0.24916106,0.18158554,3,0
0.1805208,0.22290844,0.22290844,0.20059812,0.17306426,1,3
0.20538487,0.22346431,0.18482845,0.22346431,0.16285805,1,2
0.19111317,0.17198515,0.22151855,0.1793952,0.23598798,4,4
0.18094814,0.18094814,0.24828646,0.18874435,0.201073,2,3
0.17961715,0.22179261,0.20819356,0.16860405,0.22179261,1,4
0.20016532,0.21778528,0.21778528,0.17637184,0.18789232,1,0
0.21240816,0.21240816,0.21240816,0.20797506,0.15480047,0,3
0.18158554,0.18158554,0.20608236,0.24916106,0.18158554,3,1
0.20115471,0.17724364,0.20115471,0.24320336,0.17724364,3,4
0.19111317,0.17198515,0.22151855,0.1793952,0.23598798,4,1
0.18158554,0.18158554,0.20608236,0.24916106,0.18158554,3,0
0.19111317,0.17198515,0.22151855,0.1793952,0.23598798,4,4
0.18094814,0.18094814,0.24828646,0.18874435,0.201073,2,0
0.22882737,0.1667666,0.20162688,0.17395179,0.22882737,0,4
0.22276798,0.16235058,0.22276798,0.16934551,0.22276798,0,4
0.21147068,0.21147068,0.21147068,0.21147068,0.15411724,0,2
0.18700662,0.17187682,0.23091719,0.23091719,0.17928219,2,3
0.20274954,0.22529913,0.22529913,0.18245688,0.16419525,1,3
0.18158554,0.18158554,0.20608236,0.24916106,0.18158554,3,0
0.20614488,0.22907211,0.18164064,0.18551241,0.19762993,1,2
0.20476988,0.22279519,0.17666341,0.22279519,0.17297633,1,1
0.19111317,0.17198515,0.22151855,0.1793952,0.23598798,4,4
0.19442016,0.21604337,0.21604337,0.21604337,0.15744977,1,2
0.21147068,0.21147068,0.21147068,0.21147068,0.15411724,0,3
0.20115471,0.17724364,0.20115471,0.24320336,0.17724364,3,4
0.20209678,0.21988676,0.21988676,0.19787888,0.16025078,1,3
0.1634942,0.22433719,0.22433719,0.22433719,0.1634942,1,2
0.21007574,0.21007574,0.21007574,0.21007574,0.15969703,0,4
0.19041511,0.17500953,0.22070943,0.17873995,0.23512602,4,0
0.20115471,0.17724364,0.20115471,0.24320336,0.17724364,3,1
0.21147068,0.21147068,0.21147068,0.21147068,0.15411724,0,2
0.20115471,0.17724364,0.20115471,0.24320336,0.17724364,3,0
0.19111317,0.17198515,0.22151855,0.1793952,0.23598798,4,4
0.18158554,0.18158554,0.20608236,0.24916106,0.18158554,3,2
0.19111317,0.17198515,0.22151855,0.1793952,0.23598798,4,4
0.17961715,0.22179261,0.20819356,0.16860405,0.22179261,1,1
0.1727901,0.23709248,0.23709248,0.18023482,0.1727901,1,0
0.18908516,0.23348378,0.17016013,0.23348378,0.17378718,1,1
0.19143097,0.1759432,0.2363804,0.2127217,0.18352377,2,0
0.20071098,0.21837899,0.21837899,0.19652201,0.16600905,1,3
0.1783501,0.1783501,0.24472159,0.22022806,0.1783501,2,3
0.19442016,0.21604337,0.21604337,0.21604337,0.15744977,1,2
0.20352457,0.22616036,0.1793318,0.22616036,0.1648229,1,2
0.20115471,0.17724364,0.20115471,0.24320336,0.17724364,3,1
0.20274954,0.22529913,0.22529913,0.18245688,0.16419525,1,2
0.20115471,0.17724364,0.20115471,0.24320336,0.17724364,3,1
0.21147068,0.21147068,0.21147068,0.21147068,0.15411724,0,3
0.20274954,0.22529913,0.22529913,0.18245688,0.16419525,1,3
0.20115471,0.17724364,0.20115471,0.24320336,0.17724364,3,1
0.19111317,0.17198515,0.22151855,0.1793952,0.23598798,4,4
0.18908516,0.23348378,0.17016013,0.23348378,0.17378718,1,1
0.18314452,0.18314452,0.19926621,0.25130022,0.18314452,3,0
0.21949594,0.21949594,0.18154618,0.21949594,0.15996596,0,1
0.18609062,0.19005723,0.23968652,0.19410841,0.19005723,2,2
0.2254149,0.16427962,0.2254149,0.1904159,0.1944747,0,2
0.18466446,0.18466446,0.25338578,0.1926208,0.18466446,2,2
0.19111317,0.17198515,0.22151855,0.1793952,0.23598798,4,0
0.18158554,0.18158554,0.20608236,0.24916106,0.18158554,3,1
0.18158554,0.18158554,0.20608236,0.24916106,0.18158554,3,0
0.20115471,0.17724364,0.20115471,0.24320336,0.17724364,3,3
0.19111317,0.17198515,0.22151855,0.1793952,0.23598798,4,4
0.21007574,0.21007574,0.21007574,0.21007574,0.15969703,0,2
0.2061802,0.22432965,0.22432965,0.18167175,0.1634887,1,3
0.21147068,0.21147068,0.21147068,0.21147068,0.15411724,0,2
0.21147068,0.21147068,0.21147068,0.21147068,0.15411724,0,3
0.17961715,0.22179261,0.20819356,0.16860405,0.22179261,1,4
0.20115471,0.17724364,0.20115471,0.24320336,0.17724364,3,2
0.19111317,0.17198515,0.22151855,0.1793952,0.23598798,4,0
0.19111317,0.17198515,0.22151855,0.1793952,0.23598798,4,4
0.19111317,0.17198515,0.22151855,0.1793952,0.23598798,4,4
0.19111317,0.17198515,0.22151855,0.1793952,0.23598798,4,4
0.1861455,0.1861455,0.1861455,0.25541797,0.1861455,3,2
0.19774483,0.21515174,0.21515174,0.21515174,0.15679996,1,3
0.1861455,0.1861455,0.1861455,0.25541797,0.1861455,3,4
0.18314452,0.18314452,0.19926621,0.25130022,0.18314452,3,3
0.18867473,0.18867473,0.18867473,0.23297697,0.20099881,3,0
0.18158554,0.18158554,0.20608236,0.24916106,0.18158554,3,1
0.19902577,0.21654543,0.20326811,0.16461521,0.21654543,1,4
0.18158554,0.18158554,0.20608236,0.24916106,0.18158554,3,0
0.20115471,0.17724364,0.20115471,0.24320336,0.17724364,3,1
0.19863679,0.21612221,0.21612221,0.2116116,0.15750723,1,2
0.18158554,0.18158554,0.20608236,0.24916106,0.18158554,3,0
0.20608236,0.18158554,0.18158554,0.24916106,0.18158554,3,3
0.1861455,0.1861455,0.1861455,0.25541797,0.1861455,3,3
0.1861455,0.1861455,0.1861455,0.25541797,0.1861455,3,2
0.21147068,0.21147068,0.21147068,0.21147068,0.15411724,0,3
0.20115471,0.17724364,0.20115471,0.24320336,0.17724364,3,3
0.20115471,0.17724364,0.20115471,0.24320336,0.17724364,3,3
0.21147068,0.21147068,0.21147068,0.21147068,0.15411724,0,3
0.20115471,0.17724364,0.20115471,0.24320336,0.17724364,3,3
0.1783501,0.1783501,0.24472159,0.22022806,0.1783501,2,0
0.21147068,0.21147068,0.21147068,0.21147068,0.15411724,0,2
0.19041511,0.17500953,0.22070943,0.17873995,0.23512602,4,4
0.22033077,0.22033077,0.22033077,0.1784333,0.16057438,0,3
0.19111317,0.17198515,0.22151855,0.1793952,0.23598798,4,0
0.20115471,0.17724364,0.20115471,0.24320336,0.17724364,3,1
0.20284006,0.17872865,0.19446161,0.24524102,0.17872865,3,1
0.1861455,0.1861455,0.1861455,0.25541797,0.1861455,3,0
0.19796954,0.18195277,0.24445428,0.18583117,0.18979228,2,3
0.18867473,0.18867473,0.18867473,0.23297697,0.20099881,3,0
0.22276798,0.16235058,0.22276798,0.16934551,0.22276798,0,0
0.2061802,0.22432965,0.22432965,0.18167175,0.1634887,1,2
0.1634942,0.22433719,0.22433719,0.22433719,0.1634942,1,3
0.22276798,0.16235058,0.22276798,0.16934551,0.22276798,0,4
0.18158554,0.18158554,0.20608236,0.24916106,0.18158554,3,0
0.1861455,0.1861455,0.1861455,0.25541797,0.1861455,3,3
0.1629264,0.2235581,0.2235581,0.2235581,0.16639927,1,3
0.18908516,0.23348378,0.17016013,0.23348378,0.17378718,1,1
0.19774483,0.21515174,0.21515174,0.21515174,0.15679996,1,3
0.19530077,0.21702191,0.21702191,0.21249253,0.15816292,1,2
0.19111317,0.17198515,0.22151855,0.1793952,0.23598798,4,0
0.21147068,0.21147068,0.21147068,0.21147068,0.15411724,0,3
0.19111317,0.17198515,0.22151855,0.1793952,0.23598798,4,4
0.18158554,0.18158554,0.20608236,0.24916106,0.18158554,3,0
0.2061802,0.22432965,0.22432965,0.18167175,0.1634887,1,3
0.19641787,0.21370797,0.21370797,0.21370797,0.16245821,1,3
0.20115471,0.17724364,0.20115471,0.24320336,0.17724364,3,3
0.1727901,0.23709248,0.23709248,0.18023482,0.1727901,1,3
0.21949594,0.21949594,0.18154618,0.21949594,0.15996596,0,2
0.21281697,0.21281697,0.19976825,0.16178088,0.21281697,0,4
0.18908516,0.23348378,0.17016013,0.23348378,0.17378718,1,1
0.18908516,0.23348378,0.17016013,0.23348378,0.17378718,1,1
0.22276798,0.16235058,0.22276798,0.16934551,0.22276798,0,4
0.20115471,0.17724364,0.20115471,0.24320336,0.17724364,3,0
0.1861455,0.1861455,0.1861455,0.25541797,0.1861455,3,1
0.1861455,0.1861455,0.1861455,0.25541797,0.1861455,3,2
0.20115471,0.17724364,0.20115471,0.24320336,0.17724364,3,1
0.19592036,0.21316667,0.21316667,0.20871775,0.16902857,1,3
0.21007574,0.21007574,0.21007574,0.21007574,0.15969703,0,4
0.18908516,0.23348378,0.17016013,0.23348378,0.17378718,1,1
0.19641787,0.21370797,0.21370797,0.21370797,0.16245821,1,2
0.21007574,0.21007574,0.21007574,0.21007574,0.15969703,0,2
0.174499,0.174499,0.23943734,0.18201736,0.2295472,2,0
0.19111317,0.17198515,0.22151855,0.1793952,0.23598798,4,1
0.16724952,0.22949001,0.22949001,0.20652096,0.16724952,1,4
0.17488119,0.17488119,0.23996176,0.21594462,0.1943313,2,3
0.19902577,0.21654543,0.20326811,0.16461521,0.21654543,1,4
0.20274954,0.22529913,0.22529913,0.18245688,0.16419525,1,2
0.18314452,0.18314452,0.19926621,0.25130022,0.18314452,3,0
0.20274954,0.22529913,0.22529913,0.18245688,0.16419525,1,2
0.19111317,0.17198515,0.22151855,0.1793952,0.23598798,4,4
0.1629264,0.2235581,0.2235581,0.2235581,0.16639927,1,2
0.18158554,0.18158554,0.20608236,0.24916106,0.18158554,3,0
0.1809795,0.1809795,0.1969106,0.24832949,0.19280095,3,0
0.20614488,0.22907211,0.18164064,0.18551241,0.19762993,1,1
0.20274954,0.22529913,0.22529913,0.18245688,0.16419525,1,2
0.1765812,0.2180438,0.2180438,0.2180438,0.1692874,1,0
0.22882737,0.1667666,0.20162688,0.17395179,0.22882737,0,0
0.18158554,0.18158554,0.20608236,0.24916106,0.18158554,3,0
0.22882737,0.1667666,0.20162688,0.17395179,0.22882737,0,4
0.22033077,0.22033077,0.22033077,0.1784333,0.16057438,0,2
0.17904222,0.17904222,0.20319594,0.20319594,0.23552364,4,0
0.21147068,0.21147068,0.21147068,0.21147068,0.15411724,0,2
0.18908516,0.23348378,0.17016013,0.23348378,0.17378718,1,3
0.21147068,0.21147068,0.21147068,0.21147068,0.15411724,0,3
0.21949594,0.21949594,0.18154618,0.21949594,0.15996596,0,3
0.19111317,0.17198515,0.22151855,0.1793952,0.23598798,4,4
0.19111317,0.17198515,0.22151855,0.1793952,0.23598798,4,4
0.21281697,0.21281697,0.19976825,0.16178088,0.21281697,0,1
0.19442016,0.21604337,0.21604337,0.21604337,0.15744977,1,3
0.1861455,0.1861455,0.1861455,0.25541797,0.1861455,3,0
0.20115471,0.17724364,0.20115471,0.24320336,0.17724364,3,0
0.20115471,0.17724364,0.20115471,0.24320336,0.17724364,3,2
0.1634942,0.22433719,0.22433719,0.22433719,0.1634942,1,3
0.1629264,0.2235581,0.2235581,0.2235581,0.16639927,1,2
0.20274954,0.22529913,0.22529913,0.18245688,0.16419525,1,3
0.19111317,0.17198515,0.22151855,0.1793952,0.23598798,4,0
0.20115471,0.17724364,0.20115471,0.24320336,0.17724364,3,1
0.18908516,0.23348378,0.17016013,0.23348378,0.17378718,1,1
0.17408612,0.17408612,0.23887081,0.23887081,0.17408612,2,2
0.19111317,0.17198515,0.22151855,0.1793952,0.23598798,4,4
0.1629264,0.2235581,0.2235581,0.2235581,0.16639927,1,2
0.19774483,0.21515174,0.21515174,0.21515174,0.15679996,1,2
0.1861455,0.1861455,0.1861455,0.25541797,0.1861455,3,2
0.19505258,0.2122225,0.2122225,0.2122225,0.16827989,1,4
0.18158554,0.18158554,0.20608236,0.24916106,0.18158554,3,2
0.21147068,0.21147068,0.21147068,0.21147068,0.15411724,0,4
0.18158554,0.18158554,0.20608236,0.24916106,0.18158554,3,4
0.18158554,0.18158554,0.20608236,0.24916106,0.18158554,3,2
0.19796954,0.18195277,0.24445428,0.18583117,0.18979228,2,3
0.1634942,0.22433719,0.22433719,0.22433719,0.1634942,1,2
0.19111317,0.17198515,0.22151855,0.1793952,0.23598798,4,0
0.20115471,0.17724364,0.20115471,0.24320336,0.17724364,3,1
0.20115471,0.17724364,0.20115471,0.24320336,0.17724364,3,1
0.22882737,0.1667666,0.20162688,0.17395179,0.22882737,0,4
0.1861455,0.1861455,0.1861455,0.25541797,0.1861455,3,2
0.19111317,0.17198515,0.22151855,0.1793952,0.23598798,4,4
0.19111317,0.17198515,0.22151855,0.1793952,0.23598798,4,4
0.18466446,0.18466446,0.25338578,0.1926208,0.18466446,2,2
0.17488119,0.17488119,0.23996176,0.21594462,0.1943313,2,0
0.19111317,0.17198515,0.22151855,0.1793952,0.23598798,4,4
0.22882737,0.1667666,0.20162688,0.17395179,0.22882737,0,1
0.18466446,0.18466446,0.25338578,0.1926208,0.18466446,2,4
0.1861455,0.1861455,0.1861455,0.25541797,0.1861455,3,3
0.18908516,0.23348378,0.17016013,0.23348378,0.17378718,1,0
0.2179935,0.2179935,0.18030351,0.165716,0.2179935,0,4
0.18158554,0.18158554,0.20608236,0.24916106,0.18158554,3,3
0.19442016,0.21604337,0.21604337,0.21604337,0.15744977,1,2
0.21949594,0.21949594,0.18154618,0.21949594,0.15996596,0,2
0.19111317,0.17198515,0.22151855,0.1793952,0.23598798,4,4
0.20115471,0.17724364,0.20115471,0.24320336,0.17724364,3,0
0.20115471,0.17724364,0.20115471,0.24320336,0.17724364,3,3
0.2061802,0.22432965,0.22432965,0.18167175,0.1634887,1,2
0.21949594,0.21949594,0.18154618,0.21949594,0.15996596,0,2
0.20115471,0.17724364,0.20115471,0.24320336,0.17724364,3,3
0.19111317,0.17198515,0.22151855,0.1793952,0.23598798,4,0
0.1988525,0.17521508,0.1988525,0.2404199,0.18666,3,1
0.19111317,0.17198515,0.22151855,0.1793952,0.23598798,4,4
0.20115471,0.17724364,0.20115471,0.24320336,0.17724364,3,0
0.19111317,0.17198515,0.22151855,0.1793952,0.23598798,4,1
0.19111317,0.17198515,0.22151855,0.1793952,0.23598798,4,4
0.21147068,0.21147068,0.21147068,0.21147068,0.15411724,0,1
0.19442016,0.21604337,0.21604337,0.21604337,0.15744977,1,3
0.22433719,0.1634942,0.22433719,0.22433719,0.1634942,0,3
0.17535299,0.17909074,0.22585635,0.24060912,0.17909074,3,1
0.19111317,0.17198515,0.22151855,0.1793952,0.23598798,4,4
0.19111317,0.17198515,0.22151855,0.1793952,0.23598798,4,4
0.20696492,0.22518346,0.17855716,0.22518346,0.16411096,1,1
0.22276798,0.16235058,0.22276798,0.16934551,0.22276798,0,4
0.1861455,0.1861455,0.1861455,0.25541797,0.1861455,3,3
0.1861455,0.1861455,0.1861455,0.25541797,0.1861455,3,0
0.18908516,0.23348378,0.17016013,0.23348378,0.17378718,1,0
0.22033077,0.22033077,0.22033077,0.1784333,0.16057438,0,2
0.1727901,0.1727901,0.23709248,0.18023482,0.23709248,2,4
0.18158554,0.18158554,0.20608236,0.24916106,0.18158554,3,2
0.18158554,0.18158554,0.20608236,0.24916106,0.18158554,3,2
0.21147068,0.21147068,0.21147068,0.21147068,0.15411724,0,2
0.18908516,0.23348378,0.17016013,0.23348378,0.17378718,1,2
0.19111317,0.17198515,0.22151855,0.1793952,0.23598798,4,4
0.1765812,0.2180438,0.2180438,0.2180438,0.1692874,1,2
0.19111317,0.17198515,0.22151855,0.1793952,0.23598798,4,4
0.1783501,0.1783501,0.24472159,0.22022806,0.1783501,2,3
0.19111317,0.17198515,0.22151855,0.1793952,0.23598798,4,4
0.17667373,0.17667373,0.22755747,0.24242136,0.17667373,3,0
0.19041511,0.17500953,0.22070943,0.17873995,0.23512602,4,0
0.20538487,0.22346431,0.18482845,0.22346431,0.16285805,1,1
0.20115471,0.17724364,0.20115471,0.24320336,0.17724364,3,1
0.20115471,0.17724364,0.20115471,0.24320336,0.17724364,3,1
0.20115471,0.17724364,0.20115471,0.24320336,0.17724364,3,1
0.21949594,0.21949594,0.18154618,0.21949594,0.15996596,0,1
0.19111317,0.17198515,0.22151855,0.1793952,0.23598798,4,4
0.19111317,0.17198515,0.22151855,0.1793952,0.23598798,4,4
0.19442016,0.21604337,0.21604337,0.21604337,0.15744977,1,3
0.21007574,0.21007574,0.21007574,0.21007574,0.15969703,0,4
0.18360154,0.18360154,0.19976348,0.1915121,0.24152128,4,4
0.20864016,0.20864016,0.20864016,0.20864016,0.16543931,0,3
0.20274954,0.22529913,0.22529913,0.18245688,0.16419525,1,3
0.22433719,0.1634942,0.22433719,0.22433719,0.1634942,0,2
0.21007574,0.21007574,0.21007574,0.21007574,0.15969703,0,3
0.1634942,0.22433719,0.22433719,0.22433719,0.1634942,1,2
0.21147068,0.21147068,0.21147068,0.21147068,0.15411724,0,2
0.20115471,0.17724364,0.20115471,0.24320336,0.17724364,3,1
0.19774483,0.21515174,0.21515174,0.21515174,0.15679996,1,3
0.19442016,0.21604337,0.21604337,0.21604337,0.15744977,1,4
0.18158554,0.18158554,0.20608236,0.24916106,0.18158554,3,0
0.22033077,0.22033077,0.22033077,0.1784333,0.16057438,0,1
0.18158554,0.18158554,0.20608236,0.24916106,0.18158554,3,1
0.19729787,0.21466543,0.21466543,0.21018523,0.16318606,1,2
0.20115471,0.17724364,0.20115471,0.24320336,0.17724364,3,3
0.18158554,0.18158554,0.20608236,0.24916106,0.18158554,3,0
0.18314452,0.18314452,0.19926621,0.25130022,0.18314452,3,0
0.19568482,0.21744868,0.20411597,0.16530184,0.21744868,1,4
0.19505258,0.2122225,0.2122225,0.2122225,0.16827989,1,3
0.18908516,0.23348378,0.17016013,0.23348378,0.17378718,1,0
0.18908516,0.23348378,0.17016013,0.23348378,0.17378718,1,0
0.21458764,0.21458764,0.21458764,0.19311014,0.16312692,0,3
0.20274954,0.22529913,0.22529913,0.18245688,0.16419525,1,4
0.16724952,0.22949001,0.22949001,0.20652096,0.16724952,1,2
0.20274954,0.22529913,0.22529913,0.18245688,0.16419525,1,3
0.22433719,0.1634942,0.22433719,0.22433719,0.1634942,0,1
0.19442016,0.21604337,0.21604337,0.21604337,0.15744977,1,4
0.20473805,0.22276054,0.22276054,0.18040103,0.16933987,1,2
0.19111317,0.17198515,0.22151855,0.1793952,0.23598798,4,0
0.18094814,0.18094814,0.24828646,0.18874435,0.201073,2,0
0.21949594,0.21949594,0.18154618,0.21949594,0.15996596,0,1
0.18158554,0.18158554,0.20608236,0.24916106,0.18158554,3,1
0.21100087,0.21100087,0.21100087,0.20659715,0.1604003,0,3
0.19863679,0.21612221,0.21612221,0.2116116,0.15750723,1,4
0.18908516,0.23348378,0.17016013,0.23348378,0.17378718,1,1
0.20115471,0.17724364,0.20115471,0.24320336,0.17724364,3,1
0.21949594,0.21949594,0.18154618,0.21949594,0.15996596,0,3
0.18158554,0.18158554,0.20608236,0.24916106,0.18158554,3,0
0.18158554,0.18158554,0.20608236,0.24916106,0.18158554,3,0
0.18314452,0.18314452,0.19926621,0.25130022,0.18314452,3,2
0.1809795,0.1809795,0.1969106,0.24832949,0.19280095,3,2
0.21147068,0.21147068,0.21147068,0.21147068,0.15411724,0,3
0.20115471,0.17724364,0.20115471,0.24320336,0.17724364,3,0
0.20115471,0.17724364,0.20115471,0.24320336,0.17724364,3,3
0.17594631,0.21725982,0.21725982,0.21725982,0.17227419,1,2
0.18867473,0.18867473,0.18867473,0.23297697,0.20099881,3,2
0.21949594,0.21949594,0.18154618,0.21949594,0.15996596,0,1
0.21147068,0.21147068,0.21147068,0.21147068,0.15411724,0,3
0.20614488,0.22907211,0.18164064,0.18551241,0.19762993,1,3
0.18908516,0.23348378,0.17016013,0.23348378,0.17378718,1,1
0.21949594,0.21949594,0.18154618,0.21949594,0.15996596,0,1
0.2061802,0.22432965,0.22432965,0.18167175,0.1634887,1,2
0.17535299,0.17909074,0.22585635,0.24060912,0.17909074,3,3
0.19111317,0.17198515,0.22151855,0.1793952,0.23598798,4,4
0.18908516,0.23348378,0.17016013,0.23348378,0.17378718,1,1
0.18314452,0.18314452,0.19926621,0.25130022,0.18314452,3,0
0.19774483,0.21515174,0.21515174,0.21515174,0.15679996,1,0
0.19111317,0.17198515,0.22151855,0.1793952,0.23598798,4,1
0.18158554,0.18158554,0.20608236,0.24916106,0.18158554,3,0
0.19111317,0.17198515,0.22151855,0.1793952,0.23598798,4,4
0.20274954,0.22529913,0.22529913,0.18245688,0.16419525,1,3
0.19143097,0.1759432,0.2363804,0.2127217,0.18352377,2,2
0.19111317,0.17198515,0.22151855,0.1793952,0.23598798,4,4
0.19111317,0.17198515,0.22151855,0.1793952,0.23598798,4,4
0.1629264,0.2235581,0.2235581,0.2235581,0.16639927,1,0
0.1727901,0.23709248,0.23709248,0.18023482,0.1727901,1,4
0.20115471,0.17724364,0.20115471,0.24320336,0.17724364,3,0
0.18908516,0.23348378,0.17016013,0.23348378,0.17378718,1,1
0.18158554,0.18158554,0.20608236,0.24916106,0.18158554,3,0
0.22115436,0.22115436,0.17536233,0.22115436,0.1611746,0,3
0.1861455,0.1861455,0.1861455,0.25541797,0.1861455,3,0
0.19041511,0.17500953,0.22070943,0.17873995,0.23512602,4,4
0.20115471,0.17724364,0.20115471,0.24320336,0.17724364,3,3
0.18158554,0.18158554,0.20608236,0.24916106,0.18158554,3,0
0.19442016,0.21604337,0.21604337,0.21604337,0.15744977,1,3
0.18158554,0.18158554,0.20608236,0.24916106,0.18158554,3,1
0.21147068,0.21147068,0.21147068,0.21147068,0.15411724,0,3
0.21007574,0.21007574,0.21007574,0.21007574,0.15969703,0,2
0.1765812,0.2180438,0.2180438,0.2180438,0.1692874,1,2
0.19442016,0.21604337,0.21604337,0.21604337,0.15744977,1,3
0.18094814,0.18094814,0.24828646,0.18874435,0.201073,2,3
0.20352457,0.22616036,0.1793318,0.22616036,0.1648229,1,1
0.22585286,0.16459881,0.21200486,0.1716906,0.22585286,0,4
0.20115471,0.17724364,0.20115471,0.24320336,0.17724364,3,1
0.18637781,0.18637781,0.19855186,0.23014072,0.19855186,3,1
0.1634942,0.22433719,0.22433719,0.22433719,0.1634942,1,3
0.1629264,0.2235581,0.2235581,0.2235581,0.16639927,1,2
0.17904222,0.17904222,0.20319594,0.20319594,0.23552364,4,1
0.19442016,0.21604337,0.21604337,0.21604337,0.15744977,1,2
0.19111317,0.17198515,0.22151855,0.1793952,0.23598798,4,0
0.18867473,0.18867473,0.18867473,0.23297697,0.20099881,3,4
0.20115471,0.17724364,0.20115471,0.24320336,0.17724364,3,2
0.18158554,0.18158554,0.20608236,0.24916106,0.18158554,3,3
0.21281697,0.21281697,0.19976825,0.16178088,0.21281697,0,4
0.19111317,0.17198515,0.22151855,0.1793952,0.23598798,4,4
0.18158554,0.18158554,0.20608236,0.24916106,0.18158554,3,3
0.20115471,0.17724364,0.20115471,0.24320336,0.17724364,3,0
0.18158554,0.18158554,0.20608236,0.24916106,0.18158554,3,0
0.20115471,0.17724364,0.20115471,0.24320336,0.17724364,3,1
0.21147068,0.21147068,0.21147068,0.21147068,0.15411724,0,2
0.20115471,0.17724364,0.20115471,0.24320336,0.17724364,3,0
0.20115471,0.17724364,0.20115471,0.24320336,0.17724364,3,1
0.18417509,0.22742078,0.22742078,0.17288251,0.18810086,1,0
0.20115471,0.17724364,0.20115471,0.24320336,0.17724364,3,1
0.18908516,0.23348378,0.17016013,0.23348378,0.17378718,1,1
0.18908516,0.23348378,0.17016013,0.23348378,0.17378718,1,0
0.21604337,0.21604337,0.19442016,0.21604337,0.15744977,0,3
0.20274954,0.22529913,0.22529913,0.18245688,0.16419525,1,2
0.1783501,0.1783501,0.24472159,0.22022806,0.1783501,2,0
0.18314452,0.18314452,0.19926621,0.25130022,0.18314452,3,3
0.1783501,0.1783501,0.24472159,0.22022806,0.1783501,2,3
0.19111317,0.17198515,0.22151855,0.1793952,0.23598798,4,4
0.19041511,0.17500953,0.22070943,0.17873995,0.23512602,4,4
0.18158554,0.18158554,0.20608236,0.24916106,0.18158554,3,0
0.1861455,0.1861455,0.1861455,0.25541797,0.1861455,3,2
0.19111317,0.17198515,0.22151855,0.1793952,0.23598798,4,4
0.19774483,0.21515174,0.21515174,0.21515174,0.15679996,1,3
0.19111317,0.17198515,0.22151855,0.1793952,0.23598798,4,4
0.20115471,0.17724364,0.20115471,0.24320336,0.17724364,3,0
0.20115471,0.17724364,0.20115471,0.24320336,0.17724364,3,0
0.19111317,0.17198515,0.22151855,0.1793952,0.23598798,4,4
0.21007574,0.21007574,0.21007574,0.21007574,0.15969703,0,3
0.20274954,0.22529913,0.22529913,0.18245688,0.16419525,1,3
0.17961715,0.22179261,0.20819356,0.16860405,0.22179261,1,4
0.18158554,0.18158554,0.20608236,0.24916106,0.18158554,3,0
0.18158554,0.18158554,0.20608236,0.24916106,0.18158554,3,0
0.22882737,0.1667666,0.20162688,0.17395179,0.22882737,0,1
0.21949594,0.21949594,0.18154618,0.21949594,0.15996596,0,1
0.2061802,0.22432965,0.22432965,0.18167175,0.1634887,1,2
0.22585286,0.16459881,0.21200486,0.1716906,0.22585286,0,4
0.21147068,0.21147068,0.21147068,0.21147068,0.15411724,0,2
0.20115471,0.17724364,0.20115471,0.24320336,0.17724364,3,1
0.19774483,0.21515174,0.21515174,0.21515174,0.15679996,1,2
0.19111317,0.17198515,0.22151855,0.1793952,0.23598798,4,4
0.21147068,0.21147068,0.21147068,0.21147068,0.15411724,0,3
0.1784097,0.17468615,0.22499746,0.18221258,0.23969413,4,4
0.1861455,0.1861455,0.1861455,0.25541797,0.1861455,3,0
0.21458764,0.21458764,0.21458764,0.19311014,0.16312692,0,3
0.18908516,0.23348378,0.17016013,0.23348378,0.17378718,1,2
0.17945698,0.17945698,0.20366664,0.24624038,0.19117898,3,2
0.1629264,0.2235581,0.2235581,0.2235581,0.16639927,1,3
0.19774483,0.21515174,0.21515174,0.21515174,0.15679996,1,3
0.22882737,0.1667666,0.20162688,0.17395179,0.22882737,0,4
0.1783501,0.1783501,0.24472159,0.22022806,0.1783501,2,0
0.21147068,0.21147068,0.21147068,0.21147068,0.15411724,0,3
0.1861455,0.1861455,0.1861455,0.25541797,0.1861455,3,2
0.19111317,0.17198515,0.22151855,0.1793952,0.23598798,4,4
0.19442016,0.21604337,0.21604337,0.21604337,0.15744977,1,2
0.18158554,0.18158554,0.20608236,0.24916106,0.18158554,3,0
0.18908516,0.23348378,0.17016013,0.23348378,0.17378718,1,1
0.18437023,0.18437023,0.19641317,0.1923139,0.24253246,4,2
0.18158554,0.18158554,0.20608236,0.24916106,0.18158554,3,0
0.19111317,0.17198515,0.22151855,0.1793952,0.23598798,4,4
0.18908516,0.23348378,0.17016013,0.23348378,0.17378718,1,0
0.19111317,0.17198515,0.22151855,0.1793952,0.23598798,4,0
0.21147068,0.21147068,0.21147068,0.21147068,0.15411724,0,2
0.19111317,0.17198515,0.22151855,0.1793952,0.23598798,4,4
0.19111317,0.17198515,0.22151855,0.1793952,0.23598798,4,4
0.20115471,0.17724364,0.20115471,0.24320336,0.17724364,3,3
0.19111317,0.17198515,0.22151855,0.1793952,0.23598798,4,4
0.20115471,0.17724364,0.20115471,0.24320336,0.17724364,3,3
0.18158554,0.18158554,0.20608236,0.24916106,0.18158554,3,1
0.19442016,0.21604337,0.21604337,0.21604337,0.15744977,1,3
0.19442016,0.21604337,0.21604337,0.21604337,0.15744977,1,3
0.19111317,0.17198515,0.22151855,0.1793952,0.23598798,4,4
0.1861455,0.1861455,0.1861455,0.25541797,0.1861455,3,1
0.19111317,0.17198515,0.22151855,0.1793952,0.23598798,4,4
0.1727901,0.1727901,0.23709248,0.18023482,0.23709248,2,0
0.18158554,0.18158554,0.20608236,0.24916106,0.18158554,3,3
0.20864016,0.20864016,0.20864016,0.20864016,0.16543931,0,1
0.19111317,0.17198515,0.22151855,0.1793952,0.23598798,4,4
0.22115436,0.22115436,0.17536233,0.22115436,0.1611746,0,3
0.19774483,0.21515174,0.21515174,0.21515174,0.15679996,1,2
0.21007574,0.21007574,0.21007574,0.21007574,0.15969703,0,3
0.22033077,0.22033077,0.22033077,0.1784333,0.16057438,0,2
0.19774483,0.21515174,0.21515174,0.21515174,0.15679996,1,3
0.19041511,0.17500953,0.22070943,0.17873995,0.23512602,4,4
0.20352457,0.22616036,0.1793318,0.22616036,0.1648229,1,2
0.18158554,0.18158554,0.20608236,0.24916106,0.18158554,3,1
0.17608616,0.17983952,0.22680068,0.21743253,0.1998411,2,3
0.18158554,0.18158554,0.20608236,0.24916106,0.18158554,3,2
0.17582563,0.17215602,0.23622243,0.17957343,0.23622243,2,3
0.18908516,0.23348378,0.17016013,0.23348378,0.17378718,1,1
0.20115471,0.17724364,0.20115471,0.24320336,0.17724364,3,1
0.20115471,0.17724364,0.20115471,0.24320336,0.17724364,3,1
0.22585286,0.16459881,0.21200486,0.1716906,0.22585286,0,4
0.19111317,0.17198515,0.22151855,0.1793952,0.23598798,4,4
0.1783501,0.1783501,0.24472159,0.22022806,0.1783501,2,2
0.19111317,0.17198515,0.22151855,0.1793952,0.23598798,4,4
0.19442016,0.21604337,0.21604337,0.21604337,0.15744977,1,4
0.1727901,0.1727901,0.23709248,0.18023482,0.23709248,2,4
0.19111317,0.17198515,0.22151855,0.1793952,0.23598798,4,4
0.19902577,0.21654543,0.20326811,0.16461521,0.21654543,1,0
0.18158554,0.18158554,0.20608236,0.24916106,0.18158554,3,0
0.18158554,0.18158554,0.20608236,0.24916106,0.18158554,3,1
0.21281697,0.21281697,0.19976825,0.16178088,0.21281697,0,0
0.18158554,0.18158554,0.20608236,0.24916106,0.18158554,3,1
0.16724952,0.22949001,0.22949001,0.20652096,0.16724952,1,3
0.19111317,0.17198515,0.22151855,0.1793952,0.23598798,4,4
0.18314452,0.18314452,0.19926621,0.25130022,0.18314452,3,0
0.20115471,0.17724364,0.20115471,0.24320336,0.17724364,3,0
0.18158554,0.18158554,0.20608236,0.24916106,0.18158554,3,0
0.22033077,0.22033077,0.22033077,0.1784333,0.16057438,0,3
0.21007574,0.21007574,0.21007574,0.21007574,0.15969703,0,3
0.17488119,0.17488119,0.23996176,0.21594462,0.1943313,2,0
0.20274954,0.22529913,0.22529913,0.18245688,0.16419525,1,2
0.20352457,0.22616036,0.1793318,0.22616036,0.1648229,1,1
0.20115471,0.17724364,0.20115471,0.24320336,0.17724364,3,1
0.18908516,0.23348378,0.17016013,0.23348378,0.17378718,1,1
0.18158554,0.18158554,0.20608236,0.24916106,0.18158554,3,1
0.19680992,0.21869892,0.21869892,0.17711174,0.18868054,1,2
0.18281335,0.2257393,0.2257393,0.1867101,0.17899792,1,2
0.17488119,0.17488119,0.23996176,0.21594462,0.1943313,2,0
0.19111317,0.17198515,0.22151855,0.1793952,0.23598798,4,4
0.20115471,0.17724364,0.20115471,0.24320336,0.17724364,3,0
0.18158554,0.18158554,0.20608236,0.24916106,0.18158554,3,0
0.21604337,0.21604337,0.21604337,0.19442016,0.15744977,0,3
0.18158554,0.18158554,0.20608236,0.24916106,0.18158554,3,0
0.21281697,0.21281697,0.19976825,0.16178088,0.21281697,0,4
0.18158554,0.18158554,0.20608236,0.24916106,0.18158554,3,0
0.21147068,0.21147068,0.21147068,0.21147068,0.15411724,0,3
0.18158554,0.18158554,0.20608236,0.24916106,0.18158554,3,0
0.20274954,0.22529913,0.22529913,0.18245688,0.16419525,1,2
0.18908516,0.23348378,0.17016013,0.23348378,0.17378718,1,1
0.19774483,0.21515174,0.21515174,0.21515174,0.15679996,1,2
0.20352457,0.22616036,0.1793318,0.22616036,0.1648229,1,0
0.20115471,0.17724364,0.20115471,0.24320336,0.17724364,3,2
0.1726739,0.23693302,0.22240564,0.18011361,0.18787387,1,4
0.19774483,0.21515174,0.21515174,0.21515174,0.15679996,1,2
0.18908516,0.23348378,0.17016013,0.23348378,0.17378718,1,1
0.21147068,0.21147068,0.21147068,0.21147068,0.15411724,0,3
0.18908516,0.23348378,0.17016013,0.23348378,0.17378718,1,1
0.1809795,0.1809795,0.1969106,0.24832949,0.19280095,3,2
0.2061802,0.22432965,0.22432965,0.18167175,0.1634887,1,3
0.19111317,0.17198515,0.22151855,0.1793952,0.23598798,4,4
0.19111317,0.17198515,0.22151855,0.1793952,0.23598798,4,0
0.20115471,0.17724364,0.20115471,0.24320336,0.17724364,3,1
0.20115471,0.17724364,0.20115471,0.24320336,0.17724364,3,2
0.19442016,0.21604337,0.21604337,0.21604337,0.15744977,1,2
0.1861455,0.1861455,0.1861455,0.25541797,0.1861455,3,2
0.1861455,0.1861455,0.1861455,0.25541797,0.1861455,3,0
0.21281697,0.21281697,0.19976825,0.16178088,0.21281697,0,4
0.19442016,0.21604337,0.21604337,0.21604337,0.15744977,1,4
0.22033077,0.22033077,0.22033077,0.1784333,0.16057438,0,2
0.20473805,0.22276054,0.22276054,0.18040103,0.16933987,1,3
0.21949594,0.21949594,0.18154618,0.21949594,0.15996596,0,3
0.16584122,0.22755763,0.21360509,0.204782,0.18821405,1,0
0.19111317,0.17198515,0.22151855,0.1793952,0.23598798,4,4
0.22433719,0.1634942,0.22433719,0.22433719,0.1634942,0,2
0.18158554,0.18158554,0.20608236,0.24916106,0.18158554,3,0
0.18158554,0.18158554,0.20608236,0.24916106,0.18158554,3,1
0.17608616,0.17983952,0.22680068,0.21743253,0.1998411,2,3
0.19111317,0.17198515,0.22151855,0.1793952,0.23598798,4,4
0.18561727,0.2292016,0.2292016,0.17423627,0.18174331,1,2
0.1861455,0.1861455,0.1861455,0.25541797,0.1861455,3,3
0.19774483,0.21515174,0.21515174,0.21515174,0.15679996,1,2
0.1861455,0.1861455,0.1861455,0.25541797,0.1861455,3,3
0.19505258,0.2122225,0.2122225,0.2122225,0.16827989,1,3
0.20115471,0.17724364,0.20115471,0.24320336,0.17724364,3,1
0.1861455,0.1861455,0.1861455,0.25541797,0.1861455,3,0
0.20115471,0.17724364,0.20115471,0.24320336,0.17724364,3,1
0.19111317,0.17198515,0.22151855,0.1793952,0.23598798,4,4
0.19111317,0.17198515,0.22151855,0.1793952,0.23598798,4,4
0.20115471,0.17724364,0.20115471,0.24320336,0.17724364,3,2
0.18908516,0.23348378,0.17016013,0.23348378,0.17378718,1,1
0.19505258,0.2122225,0.2122225,0.2122225,0.16827989,1,3
0.19442016,0.21604337,0.21604337,0.21604337,0.15744977,1,2
0.20115471,0.17724364,0.20115471,0.24320336,0.17724364,3,3
0.20115471,0.17724364,0.20115471,0.24320336,0.17724364,3,1
0.16724952,0.22949001,0.22949001,0.20652096,0.16724952,1,4
0.19774483,0.21515174,0.21515174,0.21515174,0.15679996,1,3
0.21147068,0.21147068,0.21147068,0.21147068,0.15411724,0,3
0.21147068,0.21147068,0.21147068,0.21147068,0.15411724,0,3
0.19041511,0.17500953,0.22070943,0.17873995,0.23512602,4,4
0.20115471,0.17724364,0.20115471,0.24320336,0.17724364,3,1
0.21949594,0.21949594,0.18154618,0.21949594,0.15996596,0,1
0.22115436,0.22115436,0.17536233,0.22115436,0.1611746,0,0
0.17464998,0.21565911,0.21565911,0.21565911,0.17837273,1,3
0.20115471,0.17724364,0.20115471,0.24320336,0.17724364,3,1
0.19442016,0.21604337,0.21604337,0.21604337,0.15744977,1,3
0.19041511,0.17500953,0.22070943,0.17873995,0.23512602,4,0
0.18908516,0.23348378,0.17016013,0.23348378,0.17378718,1,1
0.20115471,0.17724364,0.20115471,0.24320336,0.17724364,3,3
0.20115471,0.17724364,0.20115471,0.24320336,0.17724364,3,1
0.18908516,0.23348378,0.17016013,0.23348378,0.17378718,1,1
0.19774483,0.21515174,0.21515174,0.21515174,0.15679996,1,2
0.1861455,0.1861455,0.1861455,0.25541797,0.1861455,3,4
0.20115471,0.17724364,0.20115471,0.24320336,0.17724364,3,0
0.19111317,0.17198515,0.22151855,0.1793952,0.23598798,4,4
0.20325509,0.22114705,0.22114705,0.17909434,0.17535652,1,4
0.19111317,0.17198515,0.22151855,0.1793952,0.23598798,4,4
0.21949594,0.21949594,0.18154618,0.21949594,0.15996596,0,1
0.20115471,0.17724364,0.20115471,0.24320336,0.17724364,3,0
0.21007574,0.21007574,0.21007574,0.21007574,0.15969703,0,3
0.22393785,0.22393785,0.17756948,0.18135446,0.1932004,0,3
0.20115471,0.17724364,0.20115471,0.24320336,0.17724364,3,1
0.20115471,0.17724364,0.20115471,0.24320336,0.17724364,3,2
0.17408612,0.17408612,0.23887081,0.23887081,0.17408612,2,2
0.18158554,0.18158554,0.20608236,0.24916106,0.18158554,3,2
0.20071098,0.21837899,0.21837899,0.19652201,0.16600905,1,4
0.1861455,0.1861455,0.1861455,0.25541797,0.1861455,3,2
0.19111317,0.17198515,0.22151855,0.1793952,0.23598798,4,4
0.1634942,0.22433719,0.22433719,0.22433719,0.1634942,1,2
0.18908516,0.23348378,0.17016013,0.23348378,0.17378718,1,1
0.21949594,0.21949594,0.18154618,0.21949594,0.15996596,0,1
0.20115471,0.17724364,0.20115471,0.24320336,0.17724364,3,1
0.1861455,0.1861455,0.1861455,0.25541797,0.1861455,3,1
0.17408612,0.17408612,0.23887081,0.23887081,0.17408612,2,2
0.20274954,0.22529913,0.22529913,0.18245688,0.16419525,1,3
0.19111317,0.17198515,0.22151855,0.1793952,0.23598798,4,4
0.1690253,0.23192663,0.21770622,0.20871371,0.17262816,1,3
0.17594631,0.21725982,0.21725982,0.21725982,0.17227419,1,3
0.19442016,0.21604337,0.21604337,0.21604337,0.15744977,1,3
0.21007574,0.21007574,0.21007574,0.21007574,0.15969703,0,3
0.19303773,0.17009151,0.23338963,0.23338963,0.17009151,2,4
0.19774483,0.21515174,0.21515174,0.21515174,0.15679996,1,2
0.20115471,0.17724364,0.20115471,0.24320336,0.17724364,3,0
0.20115471,0.17724364,0.20115471,0.24320336,0.17724364,3,2
0.1783501,0.1783501,0.24472159,0.22022806,0.1783501,2,4
0.18908516,0.23348378,0.17016013,0.23348378,0.17378718,1,1
0.18158554,0.18158554,0.20608236,0.24916106,0.18158554,3,0
0.16751958,0.22506323,0.21126364,0.17109033,0.22506323,1,0
0.20115471,0.17724364,0.20115471,0.24320336,0.17724364,3,0
0.1783501,0.1783501,0.24472159,0.22022806,0.1783501,2,4
0.20115471,0.17724364,0.20115471,0.24320336,0.17724364,3,3
0.19111317,0.17198515,0.22151855,0.1793952,0.23598798,4,4
0.19774483,0.21515174,0.21515174,0.21515174,0.15679996,1,3
0.21949594,0.21949594,0.18154618,0.21949594,0.15996596,0,1
0.19111317,0.17198515,0.22151855,0.1793952,0.23598798,4,4
0.19111317,0.17198515,0.22151855,0.1793952,0.23598798,4,4
0.19111317,0.17198515,0.22151855,0.1793952,0.23598798,4,0
0.16724952,0.22949001,0.22949001,0.20652096,0.16724952,1,3
0.18908516,0.23348378,0.17016013,0.23348378,0.17378718,1,1
0.20115471,0.17724364,0.20115471,0.24320336,0.17724364,3,3
0.1861455,0.1861455,0.1861455,0.25541797,0.1861455,3,1
0.19111317,0.17198515,0.22151855,0.1793952,0.23598798,4,4
0.21147068,0.21147068,0.21147068,0.21147068,0.15411724,0,2
0.20115471,0.17724364,0.20115471,0.24320336,0.17724364,3,1
0.18549974,0.22905648,0.16693357,0.22905648,0.18945375,1,1
0.20115471,0.17724364,0.20115471,0.24320336,0.17724364,3,0
0.20115471,0.17724364,0.20115471,0.24320336,0.17724364,3,3
0.21147068,0.21147068,0.21147068,0.21147068,0.15411724,0,2
0.19902577,0.21654543,0.20326811,0.16461521,0.21654543,1,4
0.19111317,0.17198515,0.22151855,0.1793952,0.23598798,4,4
0.1629264,0.2235581,0.2235581,0.2235581,0.16639927,1,4
0.1629264,0.2235581,0.2235581,0.2235581,0.16639927,1,2
0.20115471,0.17724364,0.20115471,0.24320336,0.17724364,3,0
0.19111317,0.17198515,0.22151855,0.1793952,0.23598798,4,4
0.19442016,0.21604337,0.21604337,0.21604337,0.15744977,1,2
0.21604337,0.21604337,0.21604337,0.19442016,0.15744977,0,3
0.22433719,0.1634942,0.22433719,0.22433719,0.1634942,0,0
0.1629264,0.2235581,0.2235581,0.2235581,0.16639927,1,2
0.18314452,0.18314452,0.19926621,0.25130022,0.18314452,3,4
0.21147068,0.21147068,0.21147068,0.21147068,0.15411724,0,3
0.20115471,0.17724364,0.20115471,0.24320336,0.17724364,3,3
0.18158554,0.18158554,0.20608236,0.24916106,0.18158554,3,0
0.20115471,0.17724364,0.20115471,0.24320336,0.17724364,3,2
0.19111317,0.17198515,0.22151855,0.1793952,0.23598798,4,0
0.22033077,0.22033077,0.22033077,0.1784333,0.16057438,0,2
0.1861455,0.1861455,0.1861455,0.25541797,0.1861455,3,4
0.20115471,0.17724364,0.20115471,0.24320336,0.17724364,3,1
0.19041511,0.17500953,0.22070943,0.17873995,0.23512602,4,4
0.21147068,0.21147068,0.21147068,0.21147068,0.15411724,0,3
0.22033077,0.22033077,0.22033077,0.1784333,0.16057438,0,3
0.18908516,0.23348378,0.17016013,0.23348378,0.17378718,1,1
0.20115471,0.17724364,0.20115471,0.24320336,0.17724364,3,1
0.19111317,0.17198515,0.22151855,0.1793952,0.23598798,4,4
0.19111317,0.17198515,0.22151855,0.1793952,0.23598798,4,0
0.1861455,0.1861455,0.1861455,0.25541797,0.1861455,3,2
0.19111317,0.17198515,0.22151855,0.1793952,0.23598798,4,4
0.1727901,0.23709248,0.23709248,0.18023482,0.1727901,1,3
0.21007574,0.21007574,0.21007574,0.21007574,0.15969703,0,3
0.21949594,0.21949594,0.18154618,0.21949594,0.15996596,0,2
0.18466446,0.18466446,0.25338578,0.1926208,0.18466446,2,2
0.2061802,0.22432965,0.22432965,0.18167175,0.1634887,1,2
0.19442016,0.21604337,0.21604337,0.21604337,0.15744977,1,2
0.17488119,0.17488119,0.23996176,0.21594462,0.1943313,2,1
0.18158554,0.18158554,0.20608236,0.24916106,0.18158554,3,0
0.19111317,0.17198515,0.22151855,0.1793952,0.23598798,4,0
0.20274954,0.22529913,0.22529913,0.18245688,0.16419525,1,2
0.18158554,0.18158554,0.20608236,0.24916106,0.18158554,3,1
0.21147068,0.21147068,0.21147068,0.21147068,0.15411724,0,2
0.22033077,0.22033077,0.22033077,0.1784333,0.16057438,0,3
0.20115471,0.17724364,0.20115471,0.24320336,0.17724364,3,1
0.17468615,0.23969413,0.22499746,0.18221258,0.1784097,1,3
0.1629264,0.2235581,0.2235581,0.2235581,0.16639927,1,2
0.18908516,0.23348378,0.17016013,0.23348378,0.17378718,1,1
0.20538487,0.22346431,0.18482845,0.22346431,0.16285805,1,2
0.19111317,0.17198515,0.22151855,0.1793952,0.23598798,4,4
0.18908516,0.23348378,0.17016013,0.23348378,0.17378718,1,0
0.21147068,0.21147068,0.21147068,0.21147068,0.15411724,0,2
0.21281697,0.21281697,0.19976825,0.16178088,0.21281697,0,4
0.20115471,0.17724364,0.20115471,0.24320336,0.17724364,3,2
0.2061802,0.22432965,0.22432965,0.18167175,0.1634887,1,3
0.20115471,0.17724364,0.20115471,0.24320336,0.17724364,3,1
0.19641787,0.21370797,0.21370797,0.21370797,0.16245821,1,3
0.19111317,0.17198515,0.22151855,0.1793952,0.23598798,4,4
0.20284006,0.17872865,0.19446161,0.24524102,0.17872865,3,0
0.19840376,0.17481968,0.19840376,0.19840376,0.22996904,4,2
0.20115471,0.17724364,0.20115471,0.24320336,0.17724364,3,1
0.16751958,0.22506323,0.21126364,0.17109033,0.22506323,1,0
0.21100087,0.21100087,0.21100087,0.20659715,0.1604003,0,1
0.1783501,0.1783501,0.24472159,0.22022806,0.1783501,2,2
0.18094814,0.18094814,0.24828646,0.18874435,0.201073,2,0
0.18867473,0.18867473,0.18867473,0.23297697,0.20099881,3,0
0.18908516,0.23348378,0.17016013,0.23348378,0.17378718,1,0
0.21147068,0.21147068,0.21147068,0.21147068,0.15411724,0,0
0.20115471,0.17724364,0.20115471,0.24320336,0.17724364,3,2
0.21147068,0.21147068,0.21147068,0.21147068,0.15411724,0,3
0.18158554,0.18158554,0.20608236,0.24916106,0.18158554,3,1
0.18094814,0.18094814,0.24828646,0.18874435,0.201073,2,1
0.1783501,0.1783501,0.24472159,0.22022806,0.1783501,2,3
0.19774483,0.21515174,0.21515174,0.21515174,0.15679996,1,3
0.20115471,0.17724364,0.20115471,0.24320336,0.17724364,3,2
0.21147068,0.21147068,0.21147068,0.21147068,0.15411724,0,0
0.19111317,0.17198515,0.22151855,0.1793952,0.23598798,4,0
0.22882737,0.1667666,0.20162688,0.17395179,0.22882737,0,0
0.18094814,0.18094814,0.24828646,0.18874435,0.201073,2,4
0.20115471,0.17724364,0.20115471,0.24320336,0.17724364,3,2
0.22882737,0.1667666,0.20162688,0.17395179,0.22882737,0,0
0.2061802,0.22432965,0.22432965,0.18167175,0.1634887,1,2
0.20274954,0.22529913,0.22529913,0.18245688,0.16419525,1,4
0.18158554,0.18158554,0.20608236,0.24916106,0.18158554,3,1
0.18867473,0.18867473,0.18867473,0.23297697,0.20099881,3,0
0.19111317,0.17198515,0.22151855,0.1793952,0.23598798,4,4
0.20115471,0.17724364,0.20115471,0.24320336,0.17724364,3,1
0.1783501,0.1783501,0.24472159,0.22022806,0.1783501,2,2
0.18466446,0.18466446,0.25338578,0.1926208,0.18466446,2,2
0.21147068,0.21147068,0.21147068,0.21147068,0.15411724,0,3
0.21147068,0.21147068,0.21147068,0.21147068,0.15411724,0,2
0.20115471,0.17724364,0.20115471,0.24320336,0.17724364,3,1
0.18466446,0.18466446,0.25338578,0.1926208,0.18466446,2,3
